Datetime,Water Level (m)
2025-06-30 00:00:00,-0.4999559
2025-06-30 01:00:00,-0.4077839
2025-06-30 02:00:00,-0.0579832
2025-06-30 03:00:00,0.44220266
2025-06-30 04:00:00,0.92872477
2025-06-30 05:00:00,1.3256904
2025-06-30 06:00:00,1.512313
2025-06-30 07:00:00,1.4154817
2025-06-30 08:00:00,1.0834953
2025-06-30 09:00:00,0.6388126
2025-06-30 10:00:00,0.17064497
2025-06-30 11:00:00,-0.24903953
2025-06-30 12:00:00,-0.49827722
2025-06-30 13:00:00,-0.4953807
2025-06-30 14:00:00,-0.2917646
2025-06-30 15:00:00,0.058746316
2025-06-30 16:00:00,0.45668143
2025-06-30 17:00:00,0.83888566
2025-06-30 18:00:00,1.0893788
2025-06-30 19:00:00,1.1124994
2025-06-30 20:00:00,0.95735663
2025-06-30 21:00:00,0.6946363
2025-06-30 22:00:00,0.34816325
2025-06-30 23:00:00,-0.014142963
2025-07-01 00:00:00,-0.2958179
2025-07-01 01:00:00,-0.36093968
2025-07-01 02:00:00,-0.16395837
2025-07-01 03:00:00,0.21322294
2025-07-01 04:00:00,0.64408785
2025-07-01 05:00:00,1.0255437
2025-07-01 06:00:00,1.290043
2025-07-01 07:00:00,1.354226
2025-07-01 08:00:00,1.206074
2025-07-01 09:00:00,0.91350824
2025-07-01 10:00:00,0.54365635
2025-07-01 11:00:00,0.15446936
2025-07-01 12:00:00,-0.20385101
2025-07-01 13:00:00,-0.41016862
2025-07-01 14:00:00,-0.38455337
2025-07-01 15:00:00,-0.14752942
2025-07-01 16:00:00,0.1943379
2025-07-01 17:00:00,0.5697243
2025-07-01 18:00:00,0.9294973
2025-07-01 19:00:00,1.1196109
2025-07-01 20:00:00,1.0471876
2025-07-01 21:00:00,0.8252278
2025-07-01 22:00:00,0.58161473
2025-07-01 23:00:00,0.30754393
2025-07-02 00:00:00,0.02215317
2025-07-02 01:00:00,-0.1680387
2025-07-02 02:00:00,-0.15354408
2025-07-02 03:00:00,0.024392996
2025-07-02 04:00:00,0.3021487
2025-07-02 05:00:00,0.62750566
2025-07-02 06:00:00,0.93981636
2025-07-02 07:00:00,1.133388
2025-07-02 08:00:00,1.1344305
2025-07-02 09:00:00,0.9657426
2025-07-02 10:00:00,0.67907757
2025-07-02 11:00:00,0.33427384
2025-07-02 12:00:00,0.007990362
2025-07-02 13:00:00,-0.25512484
2025-07-02 14:00:00,-0.3708713
2025-07-02 15:00:00,-0.29560822
2025-07-02 16:00:00,-0.058476035
2025-07-02 17:00:00,0.24441259
2025-07-02 18:00:00,0.56117696
2025-07-02 19:00:00,0.83690035
2025-07-02 20:00:00,0.9632407
2025-07-02 21:00:00,0.92287314
2025-07-02 22:00:00,0.78611875
2025-07-02 23:00:00,0.5811256
2025-07-03 00:00:00,0.31326127
2025-07-03 01:00:00,0.063870035
2025-07-03 02:00:00,-0.06591072
2025-07-03 03:00:00,-0.028441483
2025-07-03 04:00:00,0.1364749
2025-07-03 05:00:00,0.38515612
2025-07-03 06:00:00,0.65570563
2025-07-03 07:00:00,0.8816854
2025-07-03 08:00:00,0.993338
2025-07-03 09:00:00,0.96167964
2025-07-03 10:00:00,0.8083683
2025-07-03 11:00:00,0.5701404
2025-07-03 12:00:00,0.30265686
2025-07-03 13:00:00,0.02673517
2025-07-03 14:00:00,-0.20856158
2025-07-03 15:00:00,-0.2938263
2025-07-03 16:00:00,-0.18133402
2025-07-03 17:00:00,0.05275899
2025-07-03 18:00:00,0.31148207
2025-07-03 19:00:00,0.58942914
2025-07-03 20:00:00,0.834008
2025-07-03 21:00:00,0.94955
2025-07-03 22:00:00,0.9272444
2025-07-03 23:00:00,0.8016664
2025-07-04 00:00:00,0.61566466
2025-07-04 01:00:00,0.38994575
2025-07-04 02:00:00,0.17725588
2025-07-04 03:00:00,0.05869293
2025-07-04 04:00:00,0.08539772
2025-07-04 05:00:00,0.21467455
2025-07-04 06:00:00,0.3942818
2025-07-04 07:00:00,0.58937913
2025-07-04 08:00:00,0.7731457
2025-07-04 09:00:00,0.8862621
2025-07-04 10:00:00,0.85938203
2025-07-04 11:00:00,0.71311945
2025-07-04 12:00:00,0.51951766
2025-07-04 13:00:00,0.29225588
2025-07-04 14:00:00,0.046981663
2025-07-04 15:00:00,-0.15505674
2025-07-04 16:00:00,-0.2250476
2025-07-04 17:00:00,-0.12138796
2025-07-04 18:00:00,0.10557463
2025-07-04 19:00:00,0.35005352
2025-07-04 20:00:00,0.60509884
2025-07-04 21:00:00,0.83766097
2025-07-04 22:00:00,0.95906115
2025-07-04 23:00:00,0.9447455
2025-07-05 00:00:00,0.83893406
2025-07-05 01:00:00,0.6785497
2025-07-05 02:00:00,0.46987468
2025-07-05 03:00:00,0.24028161
2025-07-05 04:00:00,0.08241762
2025-07-05 05:00:00,0.075233765
2025-07-05 06:00:00,0.17690189
2025-07-05 07:00:00,0.31638208
2025-07-05 08:00:00,0.4766389
2025-07-05 09:00:00,0.6555681
2025-07-05 10:00:00,0.7724131
2025-07-05 11:00:00,0.75581396
2025-07-05 12:00:00,0.6450667
2025-07-05 13:00:00,0.48792523
2025-07-05 14:00:00,0.27448982
2025-07-05 15:00:00,0.02016996
2025-07-05 16:00:00,-0.1818645
2025-07-05 17:00:00,-0.24119602
2025-07-05 18:00:00,-0.15011482
2025-07-05 19:00:00,0.05020872
2025-07-05 20:00:00,0.30768168
2025-07-05 21:00:00,0.5953622
2025-07-05 22:00:00,0.8526889
2025-07-05 23:00:00,0.988657
2025-07-06 00:00:00,0.98074526
